,Annualized Return,Annualized Volatility,Sharpe Ratio,Sortino Ratio,Max Drawdown,Cumulative Return,Information Ratio vs 60/40
HMM — GMV,0.10493252544258258,0.10129637967155587,0.7760857274717254,1.2501010272588415,-0.2199343782735066,1.0275035277332143,0.012543109600535264
HMM — MVO,0.0658927290895368,0.10625851568441295,0.4039759025309785,0.645376084968303,-0.2535398833659066,0.5714622627318857,-0.6068148074779143
HMM — MVO-BS,0.08308041927927734,0.10166959210540938,0.5757694234463656,0.9198931278598377,-0.23578762001996778,0.7600026548336747,-0.32989542961111645
MSVAR — GMV,0.12078544462613583,0.0952784044781347,0.9698036056536028,1.5633181381583334,-0.1956597201392588,1.2427674745226764,0.22619668587975908
MSVAR — MVO,0.08918646608394876,0.11440111720308271,0.5725043037429197,1.1895573179514682,-0.27570238479280373,0.831502462878702,-0.13230593740161048
MSVAR — MVO-BS,0.0964082143133056,0.09918428040835664,0.7118668465007612,1.1091381409084058,-0.2183746174561252,0.9192740340237602,-0.11877822798173376
Equal Weight,0.12180697553922726,0.09662874076263746,0.9670869582785834,1.5897123148011172,-0.19633571365419844,1.2572870910371767,0.260099006312228
60/40,0.10101119444922202,0.1265021549636695,0.6157766730929206,1.0371408139639435,-0.25739193889499656,0.9770824777516465,
