K,Log-Likelihood,N Parameters,AIC,BIC
2,-5691.918875571747,211,11805.837751143494,12663.786558155385
3,-5538.681166691579,320,11717.362333383158,13018.516922216357
