K,Log-Likelihood,N Parameters,AIC,BIC
2,-5691.918875571749,211,11805.837751143497,12663.786558155389
3,-5538.681166691587,320,11717.362333383175,13018.516922216373
