,State 0,State 1,State 2
vix,0.9091433544851223,-0.12947641287483683,1.9789813480987877
credit_spread,0.8363286169840388,-0.11777380398365946,1.3163440179161927
unemployment_rate,-0.19067958427244064,-0.023715845464514843,18.829715742128677
industrial_production,-0.1896120170441926,0.06255537584298738,-13.86194332568233
fed_funds_rate,-0.031466211802887466,0.012878610741324662,-3.2452079891108503
