,State 0,State 1,State 2
vix,0.909143354485126,-0.12947641287483766,1.9789813480987877
credit_spread,0.8363286169840384,-0.11777380398366048,1.3163440179161927
unemployment_rate,-0.19067958427244197,-0.023715845464514922,18.829715742128677
industrial_production,-0.1896120170441933,0.06255537584298707,-13.86194332568233
fed_funds_rate,-0.03146621180288638,0.012878610741326358,-3.2452079891108503
