,HMM,MSVAR,60_40,Equal_Weight,Buy_Hold_Equity
Average Trade Notional,0.03430982893474257,0.027513316561514126,0.02057667328151708,0.023962618208161507,0.0
Average One-Way Turnover,0.017154914467371284,0.013756658280757063,0.01028833664075854,0.011981309104080753,0.0
Average Monthly Transaction Cost,3.430982893474257e-05,2.7513316561514126e-05,2.057667328151708e-05,2.3962618208161507e-05,0.0
