,HMM,MSVAR,60_40,Equal_Weight,Buy_Hold_Equity
Average Trade Notional,0.03795673140173629,0.026530595388576515,0.02044825038275522,0.02372233921373275,0.0
Average One-Way Turnover,0.018978365700868145,0.013265297694288258,0.01022412519137761,0.011861169606866374,0.0
Average Monthly Transaction Cost,3.795673140173629e-05,2.6530595388576506e-05,2.0448250382755217e-05,2.3722339213732757e-05,0.0
