K,Log-Likelihood,N Parameters,AIC,BIC
2,-3637.9251975580387,548,8371.850395116078,10600.07762849293
3,-2818.583538937871,825,7287.167077875742,10641.706252211334
