,State 0,State 1,State 2
vix,0.011738244704418557,-0.009123752326619326,0.15239316195008287
credit_spread,-0.06709059493762756,0.002831102485469475,0.10131221851999195
unemployment_rate,0.023209867611572378,-0.023831363338073043,-0.07022490039990392
industrial_production,-0.23125501946713395,0.0786541816054408,0.125182864644545
fed_funds_rate,0.026654175843662805,-0.008788802022780042,-0.2792247066465209
