K,Log-Likelihood,N Parameters,AIC,BIC
2,-3637.9251975580423,548,8371.850395116086,10600.077628492938
3,-2818.5835384145225,825,7287.167076829045,10641.706251164636
