,State 0,State 1,State 2
vix,0.011738244704417007,-0.00912375232661928,0.15239316195008293
credit_spread,-0.06709059493762752,0.002831102485469385,0.10131221851999198
unemployment_rate,0.02320986761157358,-0.023831363338073,-0.07022490039990356
industrial_production,-0.23125501946713634,0.0786541816054408,0.12518286464454456
fed_funds_rate,0.026654175843662732,-0.008788802022780064,-0.27922470664652127
