,Annualized Return,Sharpe Ratio,Sortino Ratio,Max Drawdown,Information Ratio vs 60/40,Return Rank,Sharpe Rank,Sortino Rank,Drawdown Rank
MSVAR,0.08944866274494223,1.1736267313403324,1.8578679784366952,-0.1956597201392587,0.14126833289133528,1.0,1.0,1.0,1.0
Equal_Weight,0.08926328025651675,1.1678574052026232,1.8072827423142395,-0.19633571365419855,0.1480001734597543,2.0,2.0,2.0,2.0
HMM,0.08482792431429109,1.1174137139483271,1.6790491493847794,-0.21993437827350648,0.08174304446873706,3.0,3.0,3.0,3.0
60_40,0.07744721871122717,0.807107394852907,1.074878830571788,-0.29616498988320417,,5.0,4.0,4.0,4.0
Buy_Hold_Equity,0.0797305259683625,0.5834099832782336,0.817589831566856,-0.5096651906592696,0.1102386853388659,4.0,5.0,5.0,5.0
