,HMM,MSVAR,60_40,Equal_Weight,Buy_Hold_Equity
Annualized Return,0.10493252544258258,0.12078544462613605,0.10101119444922202,0.12180697553922726,0.1546809999352441
Annualized Volatility,0.10129637967155589,0.0952784044781347,0.1265021549636695,0.09662874076263746,0.1698147777063276
Sharpe Ratio,1.0390299136707735,1.2493558742241744,0.8263287710022131,1.2427326296122811,0.9363821692534741
Sortino Ratio,1.6736454704094803,2.0139548747841447,1.3917696652171434,2.0428228799779995,1.4283391538041565
Max Drawdown,-0.21993437827350648,-0.1956597201392587,-0.25739193889499656,-0.19633571365419844,-0.23959573390949918
Information Ratio vs 60/40,0.012543109600535007,0.22619668587975933,,0.260099006312228,0.6837550665874899
