,HMM,MSVAR,60_40,Equal_Weight,Buy_Hold_Equity
Annualized Return,0.10493252544258258,0.12078544462613583,0.10101119444922202,0.12180697553922726,0.1546809999352441
Annualized Volatility,0.10129637967155587,0.0952784044781347,0.1265021549636695,0.09662874076263746,0.1698147777063276
Sharpe Ratio,0.7760857274717254,0.9698036056536028,0.6157766730929206,0.9670869582785834,0.779533074743517
Sortino Ratio,1.2501010272588415,1.5633181381583334,1.0371408139639435,1.5897123148011172,1.1890845948392952
Max Drawdown,-0.2199343782735066,-0.1956597201392588,-0.25739193889499656,-0.19633571365419844,-0.23959573390949918
VaR 95% (monthly),0.03339487622886198,0.030764094590798433,0.04847877295792588,0.030855478533734926,0.08266235471989339
CVaR 95% (monthly),0.052056258459161286,0.047454303791093375,0.06751853412253021,0.04844844593011241,0.09534763425420825
Information Ratio vs 60/40,0.012543109600535264,0.22619668587975908,,0.260099006312228,0.6837550665874899
