,Annualized Return,Sharpe Ratio,Sortino Ratio,Max Drawdown,Information Ratio vs 60/40,Return Rank,Sharpe Rank,Sortino Rank,Drawdown Rank
MSVAR,0.12078544462613605,1.2493558742241744,2.0139548747841447,-0.1956597201392587,0.22619668587975933,3.0,1.0,2.0,1.0
Equal_Weight,0.12180697553922726,1.2427326296122811,2.0428228799779995,-0.19633571365419844,0.260099006312228,2.0,2.0,1.0,2.0
HMM,0.10493252544258258,1.0390299136707735,1.6736454704094803,-0.21993437827350648,0.012543109600535007,4.0,3.0,3.0,3.0
Buy_Hold_Equity,0.1546809999352441,0.9363821692534741,1.4283391538041565,-0.23959573390949918,0.6837550665874899,1.0,4.0,4.0,4.0
60_40,0.10101119444922202,0.8263287710022131,1.3917696652171434,-0.25739193889499656,,5.0,5.0,5.0,5.0
