,HMM,MSVAR,60_40,Equal_Weight,Buy_Hold_Equity
Full_Test_Period,1.0275035277332143,1.2427674745226764,0.9770824777516465,1.2572870910371767,1.7697419305656314
COVID_2020,0.2179183516148273,0.19131876690515726,0.2324216290686434,0.19977012604934008,0.28881471509707457
Inflation_Rate_Rise_2021_2022,-0.1420064627787122,-0.109045515059359,-0.10528439267751089,-0.10112098185987262,0.050769019507908464
Post_2022_Normalization,0.513302215899293,0.6637887385172425,0.4740817162706037,0.6518132660977307,0.8669729748408743
